,eval_loss,eval_mse,eval_mae,eval_r2,eval_runtime,eval_samples_per_second,eval_steps_per_second,epoch,trait
0,34.54020309448242,34.54020309448242,4.768911838531494,0.6373848586658781,6.2897,54.533,3.498,20.0,conscientiousness
1,21.408798217773438,21.408796310424805,3.6622090339660645,0.5475444956308275,6.4365,53.29,3.418,20.0,openness
2,35.70961380004883,35.70960998535156,4.602957725524902,0.4669166545122736,6.2749,54.662,3.506,20.0,neuroticism
3,33.77764129638672,33.77764129638672,4.624914169311523,0.6063636542340246,6.2798,54.619,3.503,20.0,agreeableness
4,37.954280853271484,37.954280853271484,4.866634368896484,0.6128800647000714,6.2843,54.58,3.501,20.0,extraversion
