,eval_loss,eval_mse,eval_mae,eval_r2,eval_runtime,eval_samples_per_second,eval_steps_per_second,epoch,trait
0,29.783161163330078,29.783161163330078,4.319192886352539,0.7253921034919748,5.0855,53.288,3.343,20.0,conscientiousness
1,14.482043266296387,14.482043266296387,2.9827613830566406,0.6065444034310243,5.205,52.065,3.266,20.0,openness
2,21.302242279052734,21.302244186401367,3.444915771484375,0.7456759819978924,4.9863,54.349,3.409,20.0,neuroticism
3,25.20174789428711,25.201749801635742,3.9120309352874756,0.6833004167389101,5.0641,53.514,3.357,20.0,agreeableness
4,28.937711715698242,28.937711715698242,4.300116539001465,0.7160890971785293,5.2368,51.749,3.246,20.0,extraversion
